com.samsung.shealth.program.sleep_coaching.mission,6307003,3
create_sh_ver,answer,priority,modify_sh_ver,update_time,create_time,data_version,day_index,mission_id,deviceuuid,pkg_name,is_key_habit,session_id,datauuid,is_done
62670070,null,6,62670070,2024-07-13 17:30:18.156,2024-07-13 17:30:18.156,2,0,HB_06,3sHRV5oxWU,com.sec.android.app.shealth,0,be1bf15d-a712-4720-b630-d99311cacc96,1790c607-39b8-47c3-b67f-a2dc8466283b,0,
62670070,null,9,62670070,2024-07-13 17:30:18.156,2024-07-13 17:30:18.156,2,0,HB_09,3sHRV5oxWU,com.sec.android.app.shealth,0,be1bf15d-a712-4720-b630-d99311cacc96,3979b74a-771e-4a13-947f-0c7971f34301,0,
62670070,null,10,62670070,2024-07-13 17:30:18.156,2024-07-13 17:30:18.156,2,1,HB_10,3sHRV5oxWU,com.sec.android.app.shealth,1,be1bf15d-a712-4720-b630-d99311cacc96,a03ae27b-d254-4fe3-ad40-7e411f279b1d,0,
62670070,null,11,62670070,2024-07-13 17:30:18.155,2024-07-13 17:30:18.155,2,0,HB_11,3sHRV5oxWU,com.sec.android.app.shealth,1,be1bf15d-a712-4720-b630-d99311cacc96,54987ec1-525c-4875-90ec-4d1b324e1fdf,0,
62670070,null,10,62670070,2024-07-13 17:30:18.155,2024-07-13 17:30:18.155,2,0,HB_10,3sHRV5oxWU,com.sec.android.app.shealth,1,be1bf15d-a712-4720-b630-d99311cacc96,2570f8e7-e5bc-495c-87c1-5c8126e9f3fd,0,
62670070,null,6,62670070,2024-07-13 17:30:18.156,2024-07-13 17:30:18.156,2,1,HB_06,3sHRV5oxWU,com.sec.android.app.shealth,0,be1bf15d-a712-4720-b630-d99311cacc96,e7520cfe-46a4-49b3-aca3-ae659dc5242f,0,
62670070,null,11,62670070,2024-07-13 17:30:18.156,2024-07-13 17:30:18.156,2,1,HB_11,3sHRV5oxWU,com.sec.android.app.shealth,1,be1bf15d-a712-4720-b630-d99311cacc96,b4345031-f78b-4b0d-95c8-a3268fb27f23,0,
62670070,null,3,62670070,2024-07-13 17:30:18.156,2024-07-13 17:30:18.156,2,0,HB_03,3sHRV5oxWU,com.sec.android.app.shealth,0,be1bf15d-a712-4720-b630-d99311cacc96,c73a7574-5067-470b-a199-048f7298c2cd,0,
62670070,null,3,62670070,2024-07-13 17:30:18.156,2024-07-13 17:30:18.156,2,1,HB_03,3sHRV5oxWU,com.sec.android.app.shealth,0,be1bf15d-a712-4720-b630-d99311cacc96,2c2ec63d-c731-4a0e-9111-d5987f16af17,0,
62670070,null,5,62670070,2024-07-13 17:30:18.156,2024-07-13 17:30:18.156,2,1,HB_05,3sHRV5oxWU,com.sec.android.app.shealth,0,be1bf15d-a712-4720-b630-d99311cacc96,741dd225-1bad-45e9-a752-bf94965dd2b2,0,
62670070,null,11,62670070,2024-07-13 17:30:18.157,2024-07-13 17:30:18.157,2,2,HB_11,3sHRV5oxWU,com.sec.android.app.shealth,1,be1bf15d-a712-4720-b630-d99311cacc96,f35b2073-340f-4991-b113-a1425aa25cb3,0,
62670070,null,5,62670070,2024-07-13 17:30:18.156,2024-07-13 17:30:18.156,2,0,HB_05,3sHRV5oxWU,com.sec.android.app.shealth,0,be1bf15d-a712-4720-b630-d99311cacc96,27b1df93-bb85-47e8-8a5e-6da68c78af79,0,
62670070,null,2,62670070,2024-07-13 17:30:18.156,2024-07-13 17:30:18.156,2,1,HB_02,3sHRV5oxWU,com.sec.android.app.shealth,0,be1bf15d-a712-4720-b630-d99311cacc96,c9d786e5-dadb-468f-b88a-32bdea82aaa7,0,
62670070,null,3,62670070,2024-07-13 17:30:18.157,2024-07-13 17:30:18.157,2,2,HB_03,3sHRV5oxWU,com.sec.android.app.shealth,0,be1bf15d-a712-4720-b630-d99311cacc96,bfaec101-a45a-49c6-9bab-21654b73b786,0,
62670070,null,9,62670070,2024-07-13 17:30:18.157,2024-07-13 17:30:18.157,2,2,HB_09,3sHRV5oxWU,com.sec.android.app.shealth,0,be1bf15d-a712-4720-b630-d99311cacc96,f4b543c6-906b-428c-b7b4-564a9509bfd4,0,
62670070,null,11,62670070,2024-07-13 17:30:18.157,2024-07-13 17:30:18.157,2,3,HB_11,3sHRV5oxWU,com.sec.android.app.shealth,1,be1bf15d-a712-4720-b630-d99311cacc96,d8351ad7-a62e-4262-82b1-6d3c06bf267f,0,
62670070,null,10,62670070,2024-07-13 17:30:18.157,2024-07-13 17:30:18.157,2,2,HB_10,3sHRV5oxWU,com.sec.android.app.shealth,1,be1bf15d-a712-4720-b630-d99311cacc96,0988b175-8812-45c2-bce2-3383c61038c4,0,
62670070,null,11,62670070,2024-07-13 17:30:18.158,2024-07-13 17:30:18.158,2,4,HB_11,3sHRV5oxWU,com.sec.android.app.shealth,1,be1bf15d-a712-4720-b630-d99311cacc96,c492028c-2063-4638-b15a-ba630f92374e,0,
62670070,null,9,62670070,2024-07-13 17:30:18.157,2024-07-13 17:30:18.157,2,1,HB_09,3sHRV5oxWU,com.sec.android.app.shealth,0,be1bf15d-a712-4720-b630-d99311cacc96,623ea538-3371-4e6d-a4e9-724d567a20af,0,
62670070,null,10,62670070,2024-07-13 17:30:18.158,2024-07-13 17:30:18.158,2,4,HB_10,3sHRV5oxWU,com.sec.android.app.shealth,1,be1bf15d-a712-4720-b630-d99311cacc96,767fcba2-1f31-43d2-b024-dd7cea398d85,0,
62670070,null,6,62670070,2024-07-13 17:30:18.157,2024-07-13 17:30:18.157,2,2,HB_06,3sHRV5oxWU,com.sec.android.app.shealth,0,be1bf15d-a712-4720-b630-d99311cacc96,8c3f21aa-3c0a-413d-b2ee-2a788474f233,0,
62670070,null,5,62670070,2024-07-13 17:30:18.157,2024-07-13 17:30:18.157,2,2,HB_05,3sHRV5oxWU,com.sec.android.app.shealth,0,be1bf15d-a712-4720-b630-d99311cacc96,c0167f34-8f40-4e52-8a40-7b1b32ae61d6,0,
62670070,null,10,62670070,2024-07-13 17:30:18.157,2024-07-13 17:30:18.157,2,3,HB_10,3sHRV5oxWU,com.sec.android.app.shealth,1,be1bf15d-a712-4720-b630-d99311cacc96,10940c6f-1f41-4b57-aa72-92689ee8b940,0,
62670070,null,5,62670070,2024-07-13 17:30:18.158,2024-07-13 17:30:18.158,2,3,HB_05,3sHRV5oxWU,com.sec.android.app.shealth,0,be1bf15d-a712-4720-b630-d99311cacc96,79c13e98-2dda-4c79-b7a5-ef6effed6f91,0,
62670070,null,10,62670070,2024-07-13 17:30:18.159,2024-07-13 17:30:18.159,2,5,HB_10,3sHRV5oxWU,com.sec.android.app.shealth,1,be1bf15d-a712-4720-b630-d99311cacc96,f5c0f863-10b0-4b7e-b4b9-2adb1ae07b67,0,
62670070,null,5,62670070,2024-07-13 17:30:18.159,2024-07-13 17:30:18.159,2,5,HB_05,3sHRV5oxWU,com.sec.android.app.shealth,0,be1bf15d-a712-4720-b630-d99311cacc96,48770b48-2701-44b4-987c-7ea5ec6394de,0,
62670070,null,6,62670070,2024-07-13 17:30:18.158,2024-07-13 17:30:18.158,2,3,HB_06,3sHRV5oxWU,com.sec.android.app.shealth,0,be1bf15d-a712-4720-b630-d99311cacc96,69495af8-86a2-4911-ba9e-71fdcc62ca6d,0,
62670070,null,2,62670070,2024-07-13 17:30:18.159,2024-07-13 17:30:18.159,2,5,HB_02,3sHRV5oxWU,com.sec.android.app.shealth,0,be1bf15d-a712-4720-b630-d99311cacc96,79027962-5cc0-4f2a-a94b-35455e6f0538,0,
62670070,null,11,62670070,2024-07-13 17:30:18.159,2024-07-13 17:30:18.159,2,5,HB_11,3sHRV5oxWU,com.sec.android.app.shealth,1,be1bf15d-a712-4720-b630-d99311cacc96,30e91251-bc81-44ea-9462-3c2bddb23336,0,
62670070,null,9,62670070,2024-07-13 17:30:18.158,2024-07-13 17:30:18.158,2,3,HB_09,3sHRV5oxWU,com.sec.android.app.shealth,0,be1bf15d-a712-4720-b630-d99311cacc96,b6959526-25f9-4132-a826-a36ac0d25512,0,
62670070,null,3,62670070,2024-07-13 17:30:18.158,2024-07-13 17:30:18.158,2,4,HB_03,3sHRV5oxWU,com.sec.android.app.shealth,0,be1bf15d-a712-4720-b630-d99311cacc96,d9b852ff-3233-4e44-a987-d889adf59a99,0,
62670070,null,3,62670070,2024-07-13 17:30:18.158,2024-07-13 17:30:18.158,2,3,HB_03,3sHRV5oxWU,com.sec.android.app.shealth,0,be1bf15d-a712-4720-b630-d99311cacc96,7add6ec0-bef6-4f0b-b874-4aaffaf0f929,0,
62670070,null,6,62670070,2024-07-13 17:30:18.158,2024-07-13 17:30:18.158,2,4,HB_06,3sHRV5oxWU,com.sec.android.app.shealth,0,be1bf15d-a712-4720-b630-d99311cacc96,77d571f3-db0c-4bde-9491-468675ec271c,0,
62670070,null,3,62670070,2024-07-13 17:30:18.160,2024-07-13 17:30:18.160,2,6,HB_03,3sHRV5oxWU,com.sec.android.app.shealth,0,be1bf15d-a712-4720-b630-d99311cacc96,ab4a6e4a-6d85-48f4-8bcd-6f5a393eb4e4,0,
62670070,null,3,62670070,2024-07-13 17:30:18.159,2024-07-13 17:30:18.159,2,5,HB_03,3sHRV5oxWU,com.sec.android.app.shealth,0,be1bf15d-a712-4720-b630-d99311cacc96,d5f0d5ee-e0d6-4f2e-8700-601829acb0a3,0,
62670070,null,11,62670070,2024-07-13 17:30:18.159,2024-07-13 17:30:18.159,2,6,HB_11,3sHRV5oxWU,com.sec.android.app.shealth,1,be1bf15d-a712-4720-b630-d99311cacc96,476898fe-8b9f-4e14-a061-42226e09ab73,0,
62670070,null,6,62670070,2024-07-13 17:30:18.159,2024-07-13 17:30:18.159,2,5,HB_06,3sHRV5oxWU,com.sec.android.app.shealth,0,be1bf15d-a712-4720-b630-d99311cacc96,df3f93eb-cf25-4daa-b2af-fc8c8d7dc543,0,
62670070,null,5,62670070,2024-07-13 17:30:18.160,2024-07-13 17:30:18.160,2,6,HB_05,3sHRV5oxWU,com.sec.android.app.shealth,0,be1bf15d-a712-4720-b630-d99311cacc96,87f93940-1c00-42d3-9fe4-e5f5e8c4af94,0,
62670070,null,5,62670070,2024-07-13 17:30:18.160,2024-07-13 17:30:18.160,2,7,HB_05,3sHRV5oxWU,com.sec.android.app.shealth,0,be1bf15d-a712-4720-b630-d99311cacc96,52716be8-545e-4a89-8a13-11e67bbd2345,0,
62670070,null,6,62670070,2024-07-13 17:30:18.160,2024-07-13 17:30:18.160,2,6,HB_06,3sHRV5oxWU,com.sec.android.app.shealth,0,be1bf15d-a712-4720-b630-d99311cacc96,4e67d6e3-bac1-4d38-97d0-fecb77f0effd,0,
62670070,null,9,62670070,2024-07-13 17:30:18.159,2024-07-13 17:30:18.159,2,4,HB_09,3sHRV5oxWU,com.sec.android.app.shealth,0,be1bf15d-a712-4720-b630-d99311cacc96,df0d91a2-33d8-46f6-843b-2972974bbcc1,0,
62670070,null,6,62670070,2024-07-13 17:30:18.160,2024-07-13 17:30:18.160,2,7,HB_06,3sHRV5oxWU,com.sec.android.app.shealth,0,be1bf15d-a712-4720-b630-d99311cacc96,b20f1677-53a7-404a-af83-1c5a568ed8d0,0,
62670070,null,3,62670070,2024-07-13 17:30:18.160,2024-07-13 17:30:18.160,2,7,HB_03,3sHRV5oxWU,com.sec.android.app.shealth,0,be1bf15d-a712-4720-b630-d99311cacc96,9d5229fd-1c1d-464c-9f28-545786704b34,0,
62670070,null,10,62670070,2024-07-13 17:30:18.159,2024-07-13 17:30:18.159,2,6,HB_10,3sHRV5oxWU,com.sec.android.app.shealth,1,be1bf15d-a712-4720-b630-d99311cacc96,1b8c3efc-5d0e-49b4-ba7b-807b73bc3e04,0,
62670070,null,6,62670070,2024-07-13 17:30:18.161,2024-07-13 17:30:18.161,2,8,HB_06,3sHRV5oxWU,com.sec.android.app.shealth,0,be1bf15d-a712-4720-b630-d99311cacc96,02b1c617-5057-40e3-ba78-82e800150eb2,0,
62670070,null,9,62670070,2024-07-13 17:30:18.161,2024-07-13 17:30:18.161,2,8,HB_09,3sHRV5oxWU,com.sec.android.app.shealth,0,be1bf15d-a712-4720-b630-d99311cacc96,6fb08f98-1d89-4728-9e34-5fa5a71980e3,0,
62670070,null,9,62670070,2024-07-13 17:30:18.159,2024-07-13 17:30:18.159,2,5,HB_09,3sHRV5oxWU,com.sec.android.app.shealth,0,be1bf15d-a712-4720-b630-d99311cacc96,0aebfe6f-71e4-4f0e-bfd9-94de1812c821,0,
62670070,null,5,62670070,2024-07-13 17:30:18.161,2024-07-13 17:30:18.161,2,8,HB_05,3sHRV5oxWU,com.sec.android.app.shealth,0,be1bf15d-a712-4720-b630-d99311cacc96,8a285b69-1d1f-41cf-a336-2c20426b69cf,0,
62670070,null,9,62670070,2024-07-13 17:30:18.160,2024-07-13 17:30:18.160,2,6,HB_09,3sHRV5oxWU,com.sec.android.app.shealth,0,be1bf15d-a712-4720-b630-d99311cacc96,d2feaf9f-0fff-4b39-8c76-2080c8872e22,0,
62670070,null,10,62670070,2024-07-13 17:30:18.161,2024-07-13 17:30:18.161,2,8,HB_10,3sHRV5oxWU,com.sec.android.app.shealth,1,be1bf15d-a712-4720-b630-d99311cacc96,fbfb6c9d-a2de-4cbe-9f89-db9092296cdb,0,
62670070,null,9,62670070,2024-07-13 17:30:18.161,2024-07-13 17:30:18.161,2,7,HB_09,3sHRV5oxWU,com.sec.android.app.shealth,0,be1bf15d-a712-4720-b630-d99311cacc96,a2533d89-4b1e-4ba1-acb2-3a11b1c222ad,0,
62670070,null,3,62670070,2024-07-13 17:30:18.161,2024-07-13 17:30:18.161,2,8,HB_03,3sHRV5oxWU,com.sec.android.app.shealth,0,be1bf15d-a712-4720-b630-d99311cacc96,7641d59c-0262-4b14-a6ce-f6fa1a292b19,0,
62670070,null,11,62670070,2024-07-13 17:30:18.161,2024-07-13 17:30:18.161,2,8,HB_11,3sHRV5oxWU,com.sec.android.app.shealth,0,be1bf15d-a712-4720-b630-d99311cacc96,fd799596-4783-4dd2-a219-5960629c6f09,0,
62670070,null,11,62670070,2024-07-13 17:30:18.160,2024-07-13 17:30:18.160,2,7,HB_11,3sHRV5oxWU,com.sec.android.app.shealth,0,be1bf15d-a712-4720-b630-d99311cacc96,e815a67b-a3d7-4396-a2a1-8d536c14d4b5,0,
62670070,null,10,62670070,2024-07-13 17:30:18.161,2024-07-13 17:30:18.161,2,9,HB_10,3sHRV5oxWU,com.sec.android.app.shealth,1,be1bf15d-a712-4720-b630-d99311cacc96,438fa588-be85-4caf-8cb1-a4299993e6ce,0,
62670070,null,9,62670070,2024-07-13 17:30:18.162,2024-07-13 17:30:18.162,2,9,HB_09,3sHRV5oxWU,com.sec.android.app.shealth,0,be1bf15d-a712-4720-b630-d99311cacc96,2b389950-de50-46d7-acb4-2b8e2506fd97,0,
62670070,null,10,62670070,2024-07-13 17:30:18.160,2024-07-13 17:30:18.160,2,7,HB_10,3sHRV5oxWU,com.sec.android.app.shealth,1,be1bf15d-a712-4720-b630-d99311cacc96,70188e5c-b3f0-4a88-905b-ba0b14926d8a,0,
62670070,null,10,62670070,2024-07-13 17:30:18.162,2024-07-13 17:30:18.162,2,10,HB_10,3sHRV5oxWU,com.sec.android.app.shealth,1,be1bf15d-a712-4720-b630-d99311cacc96,7efc5cbd-038e-42f5-a671-5907ada15253,0,
62670070,null,5,62670070,2024-07-13 17:30:18.162,2024-07-13 17:30:18.162,2,9,HB_05,3sHRV5oxWU,com.sec.android.app.shealth,0,be1bf15d-a712-4720-b630-d99311cacc96,81e17d49-1dc8-4fec-890d-9bfc65c60180,0,
62670070,null,6,62670070,2024-07-13 17:30:18.162,2024-07-13 17:30:18.162,2,9,HB_06,3sHRV5oxWU,com.sec.android.app.shealth,0,be1bf15d-a712-4720-b630-d99311cacc96,eaf226fa-78c0-47ac-bd68-8b2bc04576ed,0,
62670070,null,11,62670070,2024-07-13 17:30:18.161,2024-07-13 17:30:18.161,2,9,HB_11,3sHRV5oxWU,com.sec.android.app.shealth,0,be1bf15d-a712-4720-b630-d99311cacc96,701c1893-56b8-4827-b78c-9d5c35468967,0,
62670070,null,11,62670070,2024-07-13 17:30:18.162,2024-07-13 17:30:18.162,2,10,HB_11,3sHRV5oxWU,com.sec.android.app.shealth,0,be1bf15d-a712-4720-b630-d99311cacc96,f831ca53-38fd-4701-b441-665d886597f3,0,
62670070,null,10,62670070,2024-07-13 17:30:18.164,2024-07-13 17:30:18.164,2,13,HB_10,3sHRV5oxWU,com.sec.android.app.shealth,1,be1bf15d-a712-4720-b630-d99311cacc96,9344d87c-fd12-4348-938b-e05744f9aa6a,0,
62670070,null,3,62670070,2024-07-13 17:30:18.161,2024-07-13 17:30:18.161,2,9,HB_03,3sHRV5oxWU,com.sec.android.app.shealth,0,be1bf15d-a712-4720-b630-d99311cacc96,b14b66ed-a27e-4db2-bb18-976f208d12a5,0,
62670070,null,3,62670070,2024-07-13 17:30:18.162,2024-07-13 17:30:18.162,2,10,HB_03,3sHRV5oxWU,com.sec.android.app.shealth,0,be1bf15d-a712-4720-b630-d99311cacc96,50cd3c18-7b6e-4b24-83aa-e486e96fe659,0,
62670070,null,10,62670070,2024-07-13 17:30:18.162,2024-07-13 17:30:18.162,2,11,HB_10,3sHRV5oxWU,com.sec.android.app.shealth,1,be1bf15d-a712-4720-b630-d99311cacc96,01b50027-7ccf-4d55-9dac-88ef0bde8a12,0,
62670070,null,11,62670070,2024-07-13 17:30:18.163,2024-07-13 17:30:18.163,2,12,HB_11,3sHRV5oxWU,com.sec.android.app.shealth,0,be1bf15d-a712-4720-b630-d99311cacc96,babd8ebd-8d34-4882-9782-583e2bdea35d,0,
62670070,null,9,62670070,2024-07-13 17:30:18.162,2024-07-13 17:30:18.162,2,10,HB_09,3sHRV5oxWU,com.sec.android.app.shealth,0,be1bf15d-a712-4720-b630-d99311cacc96,5ec14cae-c3c0-4004-a1b1-8cb2456d9f4f,0,
62670070,null,11,62670070,2024-07-13 17:30:18.163,2024-07-13 17:30:18.163,2,11,HB_11,3sHRV5oxWU,com.sec.android.app.shealth,0,be1bf15d-a712-4720-b630-d99311cacc96,7c20e2a0-1260-48dd-9cfb-a53066959d70,0,
62670070,null,3,62670070,2024-07-13 17:30:18.163,2024-07-13 17:30:18.163,2,11,HB_03,3sHRV5oxWU,com.sec.android.app.shealth,0,be1bf15d-a712-4720-b630-d99311cacc96,a75c34d4-d792-4989-85eb-e9addbf2165a,0,
62670070,null,10,62670070,2024-07-13 17:30:18.163,2024-07-13 17:30:18.163,2,12,HB_10,3sHRV5oxWU,com.sec.android.app.shealth,1,be1bf15d-a712-4720-b630-d99311cacc96,52e187a4-3376-4b4d-af0c-895fa47cfbea,0,
62670070,null,5,62670070,2024-07-13 17:30:18.162,2024-07-13 17:30:18.162,2,10,HB_05,3sHRV5oxWU,com.sec.android.app.shealth,0,be1bf15d-a712-4720-b630-d99311cacc96,7def77f7-9fb8-4985-9d44-a79d27f4cefd,0,
62670070,null,6,62670070,2024-07-13 17:30:18.162,2024-07-13 17:30:18.162,2,10,HB_06,3sHRV5oxWU,com.sec.android.app.shealth,0,be1bf15d-a712-4720-b630-d99311cacc96,20e729ee-a035-4c05-bbcd-787983cb2af9,0,
62670070,null,3,62670070,2024-07-13 17:30:18.164,2024-07-13 17:30:18.164,2,13,HB_03,3sHRV5oxWU,com.sec.android.app.shealth,0,be1bf15d-a712-4720-b630-d99311cacc96,602f0de0-ed6b-4e02-ac74-3facde05f26a,0,
62670070,null,9,62670070,2024-07-13 17:30:18.163,2024-07-13 17:30:18.163,2,11,HB_09,3sHRV5oxWU,com.sec.android.app.shealth,0,be1bf15d-a712-4720-b630-d99311cacc96,f02bb4d7-1793-44f2-b20c-5302528f111d,0,
62670070,null,3,62670070,2024-07-13 17:30:18.163,2024-07-13 17:30:18.163,2,12,HB_03,3sHRV5oxWU,com.sec.android.app.shealth,0,be1bf15d-a712-4720-b630-d99311cacc96,5a945705-cd3b-445a-8825-18f1bce1739b,0,
62670070,null,5,62670070,2024-07-13 17:30:18.163,2024-07-13 17:30:18.163,2,12,HB_05,3sHRV5oxWU,com.sec.android.app.shealth,0,be1bf15d-a712-4720-b630-d99311cacc96,953183f4-20e1-4b7d-a49e-0978a8e348ed,0,
62670070,null,11,62670070,2024-07-13 17:30:18.164,2024-07-13 17:30:18.164,2,13,HB_11,3sHRV5oxWU,com.sec.android.app.shealth,0,be1bf15d-a712-4720-b630-d99311cacc96,e8c64f72-817f-4a96-9253-74b9263b597f,0,
62670070,null,5,62670070,2024-07-13 17:30:18.164,2024-07-13 17:30:18.164,2,13,HB_05,3sHRV5oxWU,com.sec.android.app.shealth,0,be1bf15d-a712-4720-b630-d99311cacc96,73f904d3-cb49-4640-90d0-b2055e606098,0,
62670070,null,6,62670070,2024-07-13 17:30:18.163,2024-07-13 17:30:18.163,2,11,HB_06,3sHRV5oxWU,com.sec.android.app.shealth,0,be1bf15d-a712-4720-b630-d99311cacc96,2438f642-ccdf-437a-bc74-3201a2bc12c6,0,
62670070,null,5,62670070,2024-07-13 17:30:18.165,2024-07-13 17:30:18.165,2,14,HB_05,3sHRV5oxWU,com.sec.android.app.shealth,0,be1bf15d-a712-4720-b630-d99311cacc96,bd7ace46-a8f4-4466-aeb5-3107d5582371,0,
62670070,null,9,62670070,2024-07-13 17:30:18.164,2024-07-13 17:30:18.164,2,12,HB_09,3sHRV5oxWU,com.sec.android.app.shealth,0,be1bf15d-a712-4720-b630-d99311cacc96,cec44737-4bff-48f6-93f5-892030c58708,0,
62670070,null,6,62670070,2024-07-13 17:30:18.165,2024-07-13 17:30:18.165,2,14,HB_06,3sHRV5oxWU,com.sec.android.app.shealth,0,be1bf15d-a712-4720-b630-d99311cacc96,337cadae-7a3e-4a3a-a12e-e58914690527,0,
62670070,null,5,62670070,2024-07-13 17:30:18.163,2024-07-13 17:30:18.163,2,11,HB_05,3sHRV5oxWU,com.sec.android.app.shealth,0,be1bf15d-a712-4720-b630-d99311cacc96,40511414-712b-4af8-a5aa-306f9f3dd91f,0,
62670070,null,3,62670070,2024-07-13 17:30:18.165,2024-07-13 17:30:18.165,2,14,HB_03,3sHRV5oxWU,com.sec.android.app.shealth,0,be1bf15d-a712-4720-b630-d99311cacc96,7255b4e0-73af-4335-a595-c0eaf690dfe6,0,
62670070,null,10,62670070,2024-07-13 17:30:18.164,2024-07-13 17:30:18.164,2,14,HB_10,3sHRV5oxWU,com.sec.android.app.shealth,1,be1bf15d-a712-4720-b630-d99311cacc96,1109712d-0fbe-49bc-b710-7fb898500e7b,0,
62670070,null,5,62670070,2024-07-13 17:30:18.165,2024-07-13 17:30:18.165,2,15,HB_05,3sHRV5oxWU,com.sec.android.app.shealth,0,be1bf15d-a712-4720-b630-d99311cacc96,365e0167-f455-45e5-b069-2d2e9bfdbe68,0,
62670070,null,5,62670070,2024-07-13 17:30:18.166,2024-07-13 17:30:18.166,2,16,HB_05,3sHRV5oxWU,com.sec.android.app.shealth,0,be1bf15d-a712-4720-b630-d99311cacc96,ca2c2e7a-1fec-464d-921c-450b7822d4c4,0,
62670070,null,11,62670070,2024-07-13 17:30:18.164,2024-07-13 17:30:18.164,2,14,HB_11,3sHRV5oxWU,com.sec.android.app.shealth,1,be1bf15d-a712-4720-b630-d99311cacc96,82d91648-0909-4f86-9af2-6a526f7e4509,0,
62670070,null,6,62670070,2024-07-13 17:30:18.163,2024-07-13 17:30:18.163,2,12,HB_06,3sHRV5oxWU,com.sec.android.app.shealth,0,be1bf15d-a712-4720-b630-d99311cacc96,b7d2dfcd-8c0e-42ad-aaf8-6b1a471f0e53,0,
62670070,null,10,62670070,2024-07-13 17:30:18.165,2024-07-13 17:30:18.165,2,16,HB_10,3sHRV5oxWU,com.sec.android.app.shealth,1,be1bf15d-a712-4720-b630-d99311cacc96,5bc90246-2585-4dc5-a830-4f8fae2cbcbb,0,
62670070,null,6,62670070,2024-07-13 17:30:18.165,2024-07-13 17:30:18.165,2,15,HB_06,3sHRV5oxWU,com.sec.android.app.shealth,0,be1bf15d-a712-4720-b630-d99311cacc96,6787984a-2af6-4ac6-8da6-f5c85e360e32,0,
62670070,null,6,62670070,2024-07-13 17:30:18.164,2024-07-13 17:30:18.164,2,13,HB_06,3sHRV5oxWU,com.sec.android.app.shealth,0,be1bf15d-a712-4720-b630-d99311cacc96,0484ded8-a779-481e-a12e-d68b6726088c,0,
62670070,null,3,62670070,2024-07-13 17:30:18.165,2024-07-13 17:30:18.165,2,15,HB_03,3sHRV5oxWU,com.sec.android.app.shealth,0,be1bf15d-a712-4720-b630-d99311cacc96,c79db697-04af-4cde-af58-f4a02659d965,0,
62670070,null,3,62670070,2024-07-13 17:30:18.166,2024-07-13 17:30:18.166,2,16,HB_03,3sHRV5oxWU,com.sec.android.app.shealth,0,be1bf15d-a712-4720-b630-d99311cacc96,7bf61c34-a6b5-4943-9092-47a957de6001,0,
62670070,null,9,62670070,2024-07-13 17:30:18.164,2024-07-13 17:30:18.164,2,13,HB_09,3sHRV5oxWU,com.sec.android.app.shealth,0,be1bf15d-a712-4720-b630-d99311cacc96,928e49e5-9da3-4f11-868a-b940042ffa5c,0,
62670070,null,9,62670070,2024-07-13 17:30:18.165,2024-07-13 17:30:18.165,2,15,HB_09,3sHRV5oxWU,com.sec.android.app.shealth,0,be1bf15d-a712-4720-b630-d99311cacc96,38a8f5de-b867-45e5-a36d-319e78795e09,0,
62670070,null,6,62670070,2024-07-13 17:30:18.166,2024-07-13 17:30:18.166,2,17,HB_06,3sHRV5oxWU,com.sec.android.app.shealth,0,be1bf15d-a712-4720-b630-d99311cacc96,4406edf8-3363-422e-964b-71656c7fae3d,0,
62670070,null,10,62670070,2024-07-13 17:30:18.165,2024-07-13 17:30:18.165,2,15,HB_10,3sHRV5oxWU,com.sec.android.app.shealth,1,be1bf15d-a712-4720-b630-d99311cacc96,e1a66498-b200-4335-b44c-bc1e273f5196,0,
62670070,null,9,62670070,2024-07-13 17:30:18.165,2024-07-13 17:30:18.165,2,14,HB_09,3sHRV5oxWU,com.sec.android.app.shealth,0,be1bf15d-a712-4720-b630-d99311cacc96,17af5624-502c-4863-bced-c67a1427185b,0,
62670070,null,3,62670070,2024-07-13 17:30:18.166,2024-07-13 17:30:18.166,2,17,HB_03,3sHRV5oxWU,com.sec.android.app.shealth,0,be1bf15d-a712-4720-b630-d99311cacc96,1e7ce738-2e6b-47db-b9a1-86d12bd31214,0,
62670070,null,2,62670070,2024-07-13 17:30:18.166,2024-07-13 17:30:18.166,2,16,HB_02,3sHRV5oxWU,com.sec.android.app.shealth,0,be1bf15d-a712-4720-b630-d99311cacc96,d7d11dd3-a2e2-451b-83f9-fcf26b0a7b14,0,
62670070,null,10,62670070,2024-07-13 17:30:18.166,2024-07-13 17:30:18.166,2,17,HB_10,3sHRV5oxWU,com.sec.android.app.shealth,1,be1bf15d-a712-4720-b630-d99311cacc96,e1789288-84d7-4ae1-a5da-d8aebaab01c9,0,
62670070,null,2,62670070,2024-07-13 17:30:18.167,2024-07-13 17:30:18.167,2,18,HB_02,3sHRV5oxWU,com.sec.android.app.shealth,0,be1bf15d-a712-4720-b630-d99311cacc96,267305ce-3260-4f4b-abd3-5acbbc0f8b43,0,
62670070,null,11,62670070,2024-07-13 17:30:18.167,2024-07-13 17:30:18.167,2,18,HB_11,3sHRV5oxWU,com.sec.android.app.shealth,1,be1bf15d-a712-4720-b630-d99311cacc96,d31d30c5-c702-46c1-a4f1-5771f2152cb2,0,
62670070,null,11,62670070,2024-07-13 17:30:18.165,2024-07-13 17:30:18.165,2,15,HB_11,3sHRV5oxWU,com.sec.android.app.shealth,1,be1bf15d-a712-4720-b630-d99311cacc96,7a27104f-920d-4662-8d0d-fafd7d5ec10d,0,
62670070,null,2,62670070,2024-07-13 17:30:18.166,2024-07-13 17:30:18.166,2,17,HB_02,3sHRV5oxWU,com.sec.android.app.shealth,0,be1bf15d-a712-4720-b630-d99311cacc96,f35a94cd-f3d5-4164-b821-e45e44c15716,0,
62670070,null,10,62670070,2024-07-13 17:30:18.167,2024-07-13 17:30:18.167,2,18,HB_10,3sHRV5oxWU,com.sec.android.app.shealth,1,be1bf15d-a712-4720-b630-d99311cacc96,447c2fec-ea0a-4738-9d76-df104ccfe7ea,0,
62670070,null,11,62670070,2024-07-13 17:30:18.166,2024-07-13 17:30:18.166,2,17,HB_11,3sHRV5oxWU,com.sec.android.app.shealth,1,be1bf15d-a712-4720-b630-d99311cacc96,dd60b476-c776-438b-a39e-8b466b5f0341,0,
62670070,null,10,62670070,2024-07-13 17:30:18.168,2024-07-13 17:30:18.168,2,20,HB_10,3sHRV5oxWU,com.sec.android.app.shealth,1,be1bf15d-a712-4720-b630-d99311cacc96,be294997-f535-474c-a22a-f5deb9401a1e,0,
62670070,null,9,62670070,2024-07-13 17:30:18.166,2024-07-13 17:30:18.166,2,16,HB_09,3sHRV5oxWU,com.sec.android.app.shealth,0,be1bf15d-a712-4720-b630-d99311cacc96,6701ad2a-963e-4407-afda-c0786f4ea45e,0,
62670070,null,5,62670070,2024-07-13 17:30:18.166,2024-07-13 17:30:18.166,2,17,HB_05,3sHRV5oxWU,com.sec.android.app.shealth,0,be1bf15d-a712-4720-b630-d99311cacc96,07be4f45-3ad7-47d9-a033-50a81f4a715a,0,
62670070,null,11,62670070,2024-07-13 17:30:18.166,2024-07-13 17:30:18.166,2,16,HB_11,3sHRV5oxWU,com.sec.android.app.shealth,1,be1bf15d-a712-4720-b630-d99311cacc96,915aaaf0-ed4a-44de-afd4-cc53af4415f1,0,
62670070,null,6,62670070,2024-07-13 17:30:18.166,2024-07-13 17:30:18.166,2,16,HB_06,3sHRV5oxWU,com.sec.android.app.shealth,0,be1bf15d-a712-4720-b630-d99311cacc96,643c7593-6449-40f2-a538-67481209fea0,0,
62670070,null,3,62670070,2024-07-13 17:30:18.168,2024-07-13 17:30:18.168,2,20,HB_03,3sHRV5oxWU,com.sec.android.app.shealth,0,be1bf15d-a712-4720-b630-d99311cacc96,d838ad78-c199-46ce-bc8c-3a50580ee8f2,0,
62670070,null,6,62670070,2024-07-13 17:30:18.167,2024-07-13 17:30:18.167,2,18,HB_06,3sHRV5oxWU,com.sec.android.app.shealth,0,be1bf15d-a712-4720-b630-d99311cacc96,a034efad-e546-42bd-a329-a06588c037bd,0,
62670070,null,9,62670070,2024-07-13 17:30:18.167,2024-07-13 17:30:18.167,2,18,HB_09,3sHRV5oxWU,com.sec.android.app.shealth,0,be1bf15d-a712-4720-b630-d99311cacc96,3a04f473-1174-4102-b46b-ab381acada9a,0,
62670070,null,5,62670070,2024-07-13 17:30:18.167,2024-07-13 17:30:18.167,2,18,HB_05,3sHRV5oxWU,com.sec.android.app.shealth,0,be1bf15d-a712-4720-b630-d99311cacc96,4a9f8273-7609-4992-a1ce-691550316988,0,
62670070,null,3,62670070,2024-07-13 17:30:18.168,2024-07-13 17:30:18.168,2,19,HB_03,3sHRV5oxWU,com.sec.android.app.shealth,0,be1bf15d-a712-4720-b630-d99311cacc96,80a6b783-9633-4ff9-b8f9-eafe0c710539,0,
62670070,null,2,62670070,2024-07-13 17:30:18.168,2024-07-13 17:30:18.168,2,19,HB_02,3sHRV5oxWU,com.sec.android.app.shealth,0,be1bf15d-a712-4720-b630-d99311cacc96,c834d373-7c8d-4dc6-8c45-fe285bc5378d,0,
62670070,null,2,62670070,2024-07-13 17:30:18.168,2024-07-13 17:30:18.168,2,20,HB_02,3sHRV5oxWU,com.sec.android.app.shealth,0,be1bf15d-a712-4720-b630-d99311cacc96,328e3adc-927d-4fb1-a9a1-d1a22e7b5622,0,
62670070,null,11,62670070,2024-07-13 17:30:18.168,2024-07-13 17:30:18.168,2,19,HB_11,3sHRV5oxWU,com.sec.android.app.shealth,1,be1bf15d-a712-4720-b630-d99311cacc96,a130567b-2a2e-47fa-a644-2f83632cd25f,0,
62670070,null,9,62670070,2024-07-13 17:30:18.167,2024-07-13 17:30:18.167,2,17,HB_09,3sHRV5oxWU,com.sec.android.app.shealth,0,be1bf15d-a712-4720-b630-d99311cacc96,fe1888de-a57a-414a-aadf-77b334daa4c5,0,
62670070,null,3,62670070,2024-07-13 17:30:18.167,2024-07-13 17:30:18.167,2,18,HB_03,3sHRV5oxWU,com.sec.android.app.shealth,0,be1bf15d-a712-4720-b630-d99311cacc96,76563a58-fd85-4c1b-8e80-c672d2b5482d,0,
62670070,null,6,62670070,2024-07-13 17:30:18.168,2024-07-13 17:30:18.168,2,19,HB_06,3sHRV5oxWU,com.sec.android.app.shealth,0,be1bf15d-a712-4720-b630-d99311cacc96,94b7ab08-1801-41bc-ab50-d59b2261ddd0,0,
62670070,null,9,62670070,2024-07-13 17:30:18.168,2024-07-13 17:30:18.168,2,19,HB_09,3sHRV5oxWU,com.sec.android.app.shealth,0,be1bf15d-a712-4720-b630-d99311cacc96,d23f47c1-f045-4432-b3cf-dfb5a8e64276,0,
62670070,null,5,62670070,2024-07-13 17:30:18.168,2024-07-13 17:30:18.168,2,20,HB_05,3sHRV5oxWU,com.sec.android.app.shealth,0,be1bf15d-a712-4720-b630-d99311cacc96,d422447e-232a-4a50-8e87-d6a6a7c8316a,0,
62670070,null,5,62670070,2024-07-13 17:30:18.168,2024-07-13 17:30:18.168,2,19,HB_05,3sHRV5oxWU,com.sec.android.app.shealth,0,be1bf15d-a712-4720-b630-d99311cacc96,63c4a58d-d9b8-403c-8cbc-80a3454a41f3,0,
62670070,null,10,62670070,2024-07-13 17:30:18.167,2024-07-13 17:30:18.167,2,19,HB_10,3sHRV5oxWU,com.sec.android.app.shealth,1,be1bf15d-a712-4720-b630-d99311cacc96,4567a897-c7e2-4bf9-9ce9-24cb287ca65c,0,
62670070,null,9,62670070,2024-07-13 17:30:18.169,2024-07-13 17:30:18.169,2,20,HB_09,3sHRV5oxWU,com.sec.android.app.shealth,0,be1bf15d-a712-4720-b630-d99311cacc96,e5f0bf38-cd61-4d57-a10d-2f7079621b5b,0,
62670070,null,11,62670070,2024-07-13 17:30:18.168,2024-07-13 17:30:18.168,2,20,HB_11,3sHRV5oxWU,com.sec.android.app.shealth,1,be1bf15d-a712-4720-b630-d99311cacc96,3894e051-ae52-4acb-b064-e73b9f7e97ef,0,
62670070,null,6,62670070,2024-07-13 17:30:18.168,2024-07-13 17:30:18.168,2,20,HB_06,3sHRV5oxWU,com.sec.android.app.shealth,0,be1bf15d-a712-4720-b630-d99311cacc96,ab8474ee-9e8d-4cfa-9d86-ad5e4ac5a74a,0,
62670070,null,2,62670070,2024-07-17 20:20:55.345,2024-07-13 17:30:18.157,2,2,HB_02,3sHRV5oxWU,com.sec.android.app.shealth,0,be1bf15d-a712-4720-b630-d99311cacc96,0e8daabf-11b2-4439-90de-aeeab3f22690,3,
62670070,null,2,62670070,2024-07-17 20:20:55.506,2024-07-13 17:30:18.156,2,0,HB_02,3sHRV5oxWU,com.sec.android.app.shealth,0,be1bf15d-a712-4720-b630-d99311cacc96,1df0589e-b907-4acd-b294-f542378afbf6,3,
62670070,null,5,62660011,2024-07-17 16:43:30.276,2024-07-13 17:30:18.158,2,4,HB_05,3sHRV5oxWU,com.sec.android.app.shealth,0,be1bf15d-a712-4720-b630-d99311cacc96,02f9fc2a-21ae-4c25-aa42-f6fd39a616ad,1,
62670070,null,2,62670070,2024-07-17 20:20:55.088,2024-07-13 17:30:18.158,2,3,HB_02,3sHRV5oxWU,com.sec.android.app.shealth,0,be1bf15d-a712-4720-b630-d99311cacc96,1cb21abb-322b-4d14-bb03-b170d172312e,3,
62670070,null,2,62670070,2024-07-22 11:01:58.893,2024-07-13 17:30:18.161,2,8,HB_02,3sHRV5oxWU,com.sec.android.app.shealth,1,be1bf15d-a712-4720-b630-d99311cacc96,fe812c8e-5298-4503-8780-2b2e6e592ddd,3,
62670070,null,2,62670070,2024-07-23 14:57:10.677,2024-07-13 17:30:18.161,2,9,HB_02,3sHRV5oxWU,com.sec.android.app.shealth,1,be1bf15d-a712-4720-b630-d99311cacc96,fb223ded-232c-45bb-988c-b8abb756f4ec,3,
62670070,null,2,62670070,2024-07-25 14:59:38.023,2024-07-13 17:30:18.162,2,11,HB_02,3sHRV5oxWU,com.sec.android.app.shealth,1,be1bf15d-a712-4720-b630-d99311cacc96,aab1832f-8b0c-4938-9848-d1dbcf9e308a,3,
62670070,null,2,62670070,2024-07-21 15:29:04.201,2024-07-13 17:30:18.160,2,7,HB_02,3sHRV5oxWU,com.sec.android.app.shealth,1,be1bf15d-a712-4720-b630-d99311cacc96,c005b06e-ca76-4822-ad42-0624990e2227,3,
62670070,null,2,62670070,2024-07-26 14:21:15.410,2024-07-13 17:30:18.163,2,12,HB_02,3sHRV5oxWU,com.sec.android.app.shealth,1,be1bf15d-a712-4720-b630-d99311cacc96,934b6dae-fafd-45ef-8928-50ecf08a4106,3,
62670070,null,2,62670070,2024-07-27 10:39:20.100,2024-07-13 17:30:18.164,2,13,HB_02,3sHRV5oxWU,com.sec.android.app.shealth,1,be1bf15d-a712-4720-b630-d99311cacc96,2687d579-4f80-4369-9db3-d00d66e2fe56,3,
62670070,null,2,62670070,2024-08-01 06:12:34.289,2024-07-13 17:30:18.165,2,15,HB_02,3sHRV5oxWU,com.sec.android.app.shealth,0,be1bf15d-a712-4720-b630-d99311cacc96,38891d8e-cec3-41d1-af8f-537d68d6a52f,3,
62670070,null,2,62670070,2024-08-01 06:12:34.372,2024-07-13 17:30:18.164,2,14,HB_02,3sHRV5oxWU,com.sec.android.app.shealth,0,be1bf15d-a712-4720-b630-d99311cacc96,356b4a7c-048f-405b-bd2c-7c42bf7e8218,3,
62670070,null,2,62670070,2024-08-01 06:12:36.172,2024-07-13 17:30:18.162,2,10,HB_02,3sHRV5oxWU,com.sec.android.app.shealth,1,be1bf15d-a712-4720-b630-d99311cacc96,65fd7671-d0f7-4640-bb6e-64b3e94221f1,3,
62670070,null,2,62670070,2024-08-01 06:12:36.271,2024-07-13 17:30:18.160,2,6,HB_02,3sHRV5oxWU,com.sec.android.app.shealth,0,be1bf15d-a712-4720-b630-d99311cacc96,e969212a-b304-44d5-b3d1-edb8edca2c53,3,
62670070,null,2,62670070,2024-08-01 06:12:36.344,2024-07-13 17:30:18.158,2,4,HB_02,3sHRV5oxWU,com.sec.android.app.shealth,0,be1bf15d-a712-4720-b630-d99311cacc96,4250e690-1e17-4d0e-9cda-e26f06879a1f,3,
