com.samsung.shealth.tracker.floors_day_summary,6307003,1
create_sh_ver,binning_data,modify_sh_ver,update_time,create_time,floor_count,version_code,deviceuuid,pkg_name,datauuid,day_time
62810050,,62810050,2024-10-26 08:34:44.860,2024-10-26 08:34:44.860,2,1,3sHRV5oxWU,com.sec.android.app.shealth,58720a5a-8524-496b-8881-be621759887c,1717459200000,
62810050,,62810050,2024-10-26 08:34:44.871,2024-10-26 08:34:44.871,1,1,3sHRV5oxWU,com.sec.android.app.shealth,0e04e03e-2d1a-482c-a3cc-4068d29c9ba5,1721520000000,
62810050,,62810050,2024-10-26 08:34:44.898,2024-10-26 08:34:44.898,16,1,3sHRV5oxWU,com.sec.android.app.shealth,861dfc57-15be-4056-b653-289df3948d07,1726704000000,
62810050,,62810050,2024-10-26 08:34:44.914,2024-10-26 08:34:44.914,8,1,3sHRV5oxWU,com.sec.android.app.shealth,dd9c58dd-e625-4fd5-8eb2-1ecbf05c9ca2,1719792000000,
62810050,,62810050,2024-10-26 08:34:45.002,2024-10-26 08:34:45.002,1,1,3sHRV5oxWU,com.sec.android.app.shealth,0ec35653-fbf8-4731-bc7a-82672aaf9c05,1720915200000,
62810050,,62810050,2024-10-26 08:34:44.976,2024-10-26 08:34:44.976,6,1,3sHRV5oxWU,com.sec.android.app.shealth,f799ec53-f5bf-4680-891b-0a8922c3ec6f,1726099200000,
62810050,,62810050,2024-10-26 08:34:45.027,2024-10-26 08:34:45.027,2,1,3sHRV5oxWU,com.sec.android.app.shealth,64e03462-9b25-443c-84e2-ad45e0e55722,1721001600000,
62810050,14aa6a32-6bb8-4274-98fd-782004f012e0.binning_data.json,62810050,2024-10-26 08:34:44.554,2024-10-26 08:34:44.554,0,2,3sHRV5oxWU,com.sec.android.app.shealth,14aa6a32-6bb8-4274-98fd-782004f012e0,1729900800000,
62810050,,62810050,2024-10-26 08:34:44.945,2024-10-26 08:34:44.945,1,1,3sHRV5oxWU,com.sec.android.app.shealth,b0ea4a19-0834-41d8-be14-eb86baf7518e,1713398400000,
62810050,,62810050,2024-10-26 08:34:44.839,2024-10-26 08:34:44.839,1,1,3sHRV5oxWU,com.sec.android.app.shealth,e386a742-6da5-463d-9bcb-4f41ebb410c1,1714003200000,
62810050,,62810050,2024-10-26 08:34:45.082,2024-10-26 08:34:45.082,4,1,3sHRV5oxWU,com.sec.android.app.shealth,dd6f2166-deac-4adf-b953-b284a80d452e,1713484800000,
62810050,,62810050,2024-10-26 08:34:45.108,2024-10-26 08:34:45.108,2,1,3sHRV5oxWU,com.sec.android.app.shealth,8d4ac3de-b23c-4cb8-af53-1cf32b76a85d,1715212800000,
62810050,,62810050,2024-10-26 08:34:44.850,2024-10-26 08:34:44.850,3,1,3sHRV5oxWU,com.sec.android.app.shealth,02850cd6-bae8-497c-bf97-634b5b9de39d,1715731200000,
62810050,,62810050,2024-10-26 08:34:45.256,2024-10-26 08:34:45.256,2,1,3sHRV5oxWU,com.sec.android.app.shealth,18734c4b-f3f4-44e9-8da9-bbb9f6b9daac,1726185600000,
62810050,,62810050,2024-10-26 08:34:45.243,2024-10-26 08:34:45.243,3,1,3sHRV5oxWU,com.sec.android.app.shealth,fc5f5252-aac5-4a01-b6aa-7d70d18f6a15,1714089600000,
62810050,,62810050,2024-10-26 08:34:45.223,2024-10-26 08:34:45.223,5,1,3sHRV5oxWU,com.sec.android.app.shealth,8a2532a4-8eb5-45c0-9662-c1fa8dde5708,1720396800000,
62810050,,62810050,2024-10-26 08:34:45.056,2024-10-26 08:34:45.056,3,1,3sHRV5oxWU,com.sec.android.app.shealth,8b6488ae-ef7d-4225-ace0-718f9b03d67e,1726790400000,
62810050,,62810050,2024-10-26 08:34:45.374,2024-10-26 08:34:45.374,2,1,3sHRV5oxWU,com.sec.android.app.shealth,fc666d4d-8496-489e-ae6e-f6bbec608147,1715299200000,
62810050,,62810050,2024-10-26 08:34:45.194,2024-10-26 08:34:45.194,25,1,3sHRV5oxWU,com.sec.android.app.shealth,0b3bb755-019a-45a4-a9c5-f7518dcca2b9,1725580800000,
62810050,,62810050,2024-10-26 08:34:45.403,2024-10-26 08:34:45.403,2,1,3sHRV5oxWU,com.sec.android.app.shealth,06203da4-d881-4c8c-b5cb-470306208a15,1726272000000,
62810050,,62810050,2024-10-26 08:34:45.157,2024-10-26 08:34:45.157,6,1,3sHRV5oxWU,com.sec.android.app.shealth,8ad0f0f3-c90a-407e-8e61-8d04a764e6f8,1721606400000,
62810050,,62810050,2024-10-26 08:34:45.503,2024-10-26 08:34:45.503,8,1,3sHRV5oxWU,com.sec.android.app.shealth,da1e202b-83b8-4a7b-be5f-6561f023dad9,1725667200000,
62810050,,62810050,2024-10-26 08:34:45.175,2024-10-26 08:34:45.175,3,1,3sHRV5oxWU,com.sec.android.app.shealth,21f5ea0a-e563-45e0-97cb-42095261df4f,1719878400000,
62810050,,62810050,2024-10-26 08:34:45.484,2024-10-26 08:34:45.484,4,1,3sHRV5oxWU,com.sec.android.app.shealth,a37ba004-88ce-4beb-901a-6792d72c9591,1714176000000,
62810050,,62810050,2024-10-26 08:34:45.592,2024-10-26 08:34:45.592,4,1,3sHRV5oxWU,com.sec.android.app.shealth,68a2e48b-c0a1-4a76-b188-b3763feed20a,1713052800000,
62810050,,62810050,2024-10-26 08:34:45.625,2024-10-26 08:34:45.625,2,1,3sHRV5oxWU,com.sec.android.app.shealth,51ded7d8-16df-40d6-b3e8-4161d7cc31d5,1721174400000,
62810050,,62810050,2024-10-26 08:34:45.210,2024-10-26 08:34:45.210,4,1,3sHRV5oxWU,com.sec.android.app.shealth,949c1129-26e4-407c-9120-126aca35c7d1,1727308800000,
62810050,,62810050,2024-10-26 08:34:45.431,2024-10-26 08:34:45.431,3,1,3sHRV5oxWU,com.sec.android.app.shealth,3a0a95db-13de-4361-ab23-5418c8c9cb33,1712966400000,
62810050,,62810050,2024-10-26 08:34:45.444,2024-10-26 08:34:45.444,2,1,3sHRV5oxWU,com.sec.android.app.shealth,aeddbbbe-7648-481f-885f-bb7c3a4b8e2d,1727395200000,
62810050,,62810050,2024-10-26 08:34:45.646,2024-10-26 08:34:45.646,1,1,3sHRV5oxWU,com.sec.android.app.shealth,975162e1-bde9-489d-ad94-b0bd6650ae33,1722902400000,
62810050,,62810050,2024-10-26 08:34:45.566,2024-10-26 08:34:45.566,4,1,3sHRV5oxWU,com.sec.android.app.shealth,70fb44f1-59e8-4a90-8187-c72d95a33979,1720569600000,
62810050,,62810050,2024-10-26 08:34:45.233,2024-10-26 08:34:45.233,1,1,3sHRV5oxWU,com.sec.android.app.shealth,054489b1-2e54-4f90-a15f-8f9f7b873ed3,1722124800000,
62810050,,62810050,2024-10-26 08:34:45.681,2024-10-26 08:34:45.681,1,1,3sHRV5oxWU,com.sec.android.app.shealth,5b192aa9-8999-4411-b2d9-1d6f52e5d9b9,1726876800000,
62810050,,62810050,2024-10-26 08:34:45.417,2024-10-26 08:34:45.417,1,1,3sHRV5oxWU,com.sec.android.app.shealth,b622bb00-7b08-4745-a28b-b56b9044b006,1721088000000,
62810050,,62810050,2024-10-26 08:34:45.389,2024-10-26 08:34:45.389,6,1,3sHRV5oxWU,com.sec.android.app.shealth,b862125f-bd90-49bc-ad05-b3c58a9700b3,1722816000000,
62810050,,62810050,2024-10-26 08:34:45.696,2024-10-26 08:34:45.696,4,1,3sHRV5oxWU,com.sec.android.app.shealth,ae873c9c-bd78-4b13-8b88-d9fe59a4bedb,1721692800000,
62810050,,62810050,2024-10-26 08:34:45.551,2024-10-26 08:34:45.551,12,1,3sHRV5oxWU,com.sec.android.app.shealth,524c7455-57be-49fc-9ac0-f7cf082b9ac0,1720483200000,
62810050,,62810050,2024-10-26 08:34:45.665,2024-10-26 08:34:45.665,2,1,3sHRV5oxWU,com.sec.android.app.shealth,91276d8f-f332-4bbf-95d8-21a1427cbd55,1715990400000,
62810050,,62810050,2024-10-26 08:34:45.519,2024-10-26 08:34:45.519,5,1,3sHRV5oxWU,com.sec.android.app.shealth,a041a5f3-5dbb-4609-b714-90122f671826,1722211200000,
62810050,,62810050,2024-10-26 08:34:46.096,2024-10-26 08:34:46.096,1,1,3sHRV5oxWU,com.sec.android.app.shealth,eff36abd-577a-450b-b7ae-28372aa3414f,1720051200000,
62810050,,62810050,2024-10-26 08:34:45.741,2024-10-26 08:34:45.741,1,1,3sHRV5oxWU,com.sec.android.app.shealth,6443614d-b2b2-45ec-8fe0-d54d33ea3093,1715385600000,
62810050,,62810050,2024-10-26 08:34:45.961,2024-10-26 08:34:45.961,1,1,3sHRV5oxWU,com.sec.android.app.shealth,ccb90454-dbd1-41ca-b2e7-a918ae490eb6,1724112000000,
62810050,,62810050,2024-10-26 08:34:45.930,2024-10-26 08:34:45.930,3,1,3sHRV5oxWU,com.sec.android.app.shealth,bcbfc3f7-b16d-4ca0-8336-afba5bd57d63,1727568000000,
62810050,,62810050,2024-10-26 08:34:45.532,2024-10-26 08:34:45.532,2,1,3sHRV5oxWU,com.sec.android.app.shealth,2400ea4c-eb81-473a-bdd7-1bbce429b199,1723939200000,
62810050,,62810050,2024-10-26 08:34:45.722,2024-10-26 08:34:45.722,2,1,3sHRV5oxWU,com.sec.android.app.shealth,c5205613-a051-4926-8710-c50dfaae95df,1719964800000,
62810050,,62810050,2024-10-26 08:34:46.073,2024-10-26 08:34:46.073,1,1,3sHRV5oxWU,com.sec.android.app.shealth,967ba912-c939-468f-9b46-6882d7c02e98,1717200000000,
62810050,,62810050,2024-10-26 08:34:45.768,2024-10-26 08:34:45.768,1,1,3sHRV5oxWU,com.sec.android.app.shealth,de980f8a-6f09-43ae-9fdb-2e5cad20f05f,1717113600000,
62810050,,62810050,2024-10-26 08:34:46.032,2024-10-26 08:34:46.032,10,1,3sHRV5oxWU,com.sec.android.app.shealth,5e1dbad9-0c32-47cf-9b0d-7f489b8a4762,1714262400000,
62810050,,62810050,2024-10-26 08:34:46.197,2024-10-26 08:34:46.197,5,1,3sHRV5oxWU,com.sec.android.app.shealth,40a8bcf8-4e74-4070-92d8-bb66949931d8,1720742400000,
62810050,,62810050,2024-10-26 08:34:45.851,2024-10-26 08:34:45.851,12,1,3sHRV5oxWU,com.sec.android.app.shealth,cf4374bb-9e7a-4873-9492-916463289c3c,1725753600000,
62810050,,62810050,2024-10-26 08:34:45.706,2024-10-26 08:34:45.706,2,1,3sHRV5oxWU,com.sec.android.app.shealth,fde56633-89c9-411e-afa0-f61621f2b332,1723420800000,
62810050,,62810050,2024-10-26 08:34:45.946,2024-10-26 08:34:45.946,1,1,3sHRV5oxWU,com.sec.android.app.shealth,cc8b1984-9d64-4de8-84f2-08b975711db1,1713139200000,
62810050,,62810050,2024-10-26 08:34:46.084,2024-10-26 08:34:46.084,1,1,3sHRV5oxWU,com.sec.android.app.shealth,c6ff7346-bae2-4577-8f2f-aa94cc7063b9,1723507200000,
62810050,,62810050,2024-10-26 08:34:45.863,2024-10-26 08:34:45.863,5,1,3sHRV5oxWU,com.sec.android.app.shealth,e9e55989-719b-4951-b399-0529754374f9,1727481600000,
62810050,,62810050,2024-10-26 08:34:46.011,2024-10-26 08:34:46.011,3,1,3sHRV5oxWU,com.sec.android.app.shealth,dfa42cc9-925b-40e8-83d0-339c9bbf4c0f,1720656000000,
62810050,,62810050,2024-10-26 08:34:45.759,2024-10-26 08:34:45.759,2,1,3sHRV5oxWU,com.sec.android.app.shealth,99f975cf-333a-46cc-b06d-494c1e79b215,1713657600000,
62810050,,62810050,2024-10-26 08:34:46.215,2024-10-26 08:34:46.215,13,1,3sHRV5oxWU,com.sec.android.app.shealth,9d63dacb-54b9-4949-867c-81c4ccbabd52,1726444800000,
62810050,,62810050,2024-10-26 08:34:46.302,2024-10-26 08:34:46.302,4,1,3sHRV5oxWU,com.sec.android.app.shealth,132f3ddd-8e95-4925-8b8b-db12c12a5add,1725321600000,
62810050,,62810050,2024-10-26 08:34:46.155,2024-10-26 08:34:46.155,6,1,3sHRV5oxWU,com.sec.android.app.shealth,9880057d-85ed-4e77-900c-99337bd2c54c,1724198400000,
62810050,,62810050,2024-10-26 08:34:45.795,2024-10-26 08:34:45.795,5,1,3sHRV5oxWU,com.sec.android.app.shealth,0117ee44-43ba-478c-b6b6-6b43a5b226f5,1724025600000,
62810050,,62810050,2024-10-26 08:34:46.227,2024-10-26 08:34:46.227,1,1,3sHRV5oxWU,com.sec.android.app.shealth,6052e029-8b6f-46c2-b7ca-8a846b8deb0e,1717286400000,
62810050,,62810050,2024-10-26 08:34:46.270,2024-10-26 08:34:46.270,2,1,3sHRV5oxWU,com.sec.android.app.shealth,b8f4b3e8-b9b5-4686-949e-106d5ecb0d7c,1713225600000,
62810050,,62810050,2024-10-26 08:34:46.060,2024-10-26 08:34:46.060,2,1,3sHRV5oxWU,com.sec.android.app.shealth,5d7f659e-f477-42af-b25c-3534bcb7944c,1726963200000,
62810050,,62810050,2024-10-26 08:34:46.313,2024-10-26 08:34:46.313,1,1,3sHRV5oxWU,com.sec.android.app.shealth,6853cd8e-6edf-492b-8de2-6eff1bbe6747,1727049600000,
62810050,,62810050,2024-10-26 08:34:46.125,2024-10-26 08:34:46.125,2,1,3sHRV5oxWU,com.sec.android.app.shealth,17f0a02f-ce5c-4383-9e7c-f348a272ab69,1714348800000,
62810050,,62810050,2024-10-26 08:34:46.436,2024-10-26 08:34:46.436,1,1,3sHRV5oxWU,com.sec.android.app.shealth,1573d5ef-08f8-4e21-90af-1e459498c75e,1713830400000,
62810050,,62810050,2024-10-26 08:34:46.178,2024-10-26 08:34:46.178,2,1,3sHRV5oxWU,com.sec.android.app.shealth,f8d73107-b149-472e-98d2-52608223973c,1725926400000,
62810050,,62810050,2024-10-26 08:34:46.046,2024-10-26 08:34:46.046,2,1,3sHRV5oxWU,com.sec.android.app.shealth,caa63587-e149-440d-9384-7bb38b0fece8,1713744000000,
62810050,,62810050,2024-10-26 08:34:46.257,2024-10-26 08:34:46.257,4,1,3sHRV5oxWU,com.sec.android.app.shealth,cdd08cc6-ef8a-405b-abce-482d26b61f0b,1722988800000,
62810050,,62810050,2024-10-26 08:34:45.986,2024-10-26 08:34:45.986,1,1,3sHRV5oxWU,com.sec.android.app.shealth,21415771-2f23-4af0-9564-8cc642cdb49c,1725840000000,
62810050,,62810050,2024-10-26 08:34:46.279,2024-10-26 08:34:46.279,1,1,3sHRV5oxWU,com.sec.android.app.shealth,c897381b-71b6-4a21-947f-54fd34e66f99,1716681600000,
62810050,,62810050,2024-10-26 08:34:46.109,2024-10-26 08:34:46.109,2,1,3sHRV5oxWU,com.sec.android.app.shealth,fc5d435c-ec08-4ee3-ad42-bced8476c329,1720137600000,
62810050,,62810050,2024-10-26 08:34:46.373,2024-10-26 08:34:46.373,1,1,3sHRV5oxWU,com.sec.android.app.shealth,310c95fd-75b9-4ff5-b79d-880e3c338e46,1723680000000,
62810050,,62810050,2024-10-26 08:34:46.364,2024-10-26 08:34:46.364,2,1,3sHRV5oxWU,com.sec.android.app.shealth,e547165f-bfc9-4ebe-bb08-0efb1668e2cb,1712707200000,
62810050,,62810050,2024-10-26 08:34:46.477,2024-10-26 08:34:46.477,2,1,3sHRV5oxWU,com.sec.android.app.shealth,c30e60cf-651e-4e74-9bc6-bde07d4825d9,1716768000000,
62810050,,62810050,2024-10-26 08:34:46.341,2024-10-26 08:34:46.341,9,1,3sHRV5oxWU,com.sec.android.app.shealth,200d3d56-9f81-4250-bae1-d72ea4e9d9a8,1727136000000,
62810050,,62810050,2024-10-26 08:34:46.396,2024-10-26 08:34:46.396,37,1,3sHRV5oxWU,com.sec.android.app.shealth,952136f9-2948-4054-be09-8960b8f875f6,1725408000000,
62810050,,62810050,2024-10-26 08:34:46.502,2024-10-26 08:34:46.502,2,1,3sHRV5oxWU,com.sec.android.app.shealth,25b9a99f-9876-45ed-b8f4-b106dbd505b7,1721347200000,
62810050,,62810050,2024-10-26 08:34:46.247,2024-10-26 08:34:46.247,1,1,3sHRV5oxWU,com.sec.android.app.shealth,9ea59ae2-b2e6-4089-af27-a178113f5b5c,1721260800000,
62810050,,62810050,2024-10-26 08:34:46.291,2024-10-26 08:34:46.291,5,1,3sHRV5oxWU,com.sec.android.app.shealth,8d67c412-eb75-4d83-893c-b4a31801b57c,1721865600000,
62810050,,62810050,2024-10-26 08:34:46.354,2024-10-26 08:34:46.354,6,1,3sHRV5oxWU,com.sec.android.app.shealth,3b8aa4d4-0d76-4f3d-990e-f234ba1ae644,1714435200000,
62810050,,62810050,2024-10-26 08:34:46.413,2024-10-26 08:34:46.413,6,1,3sHRV5oxWU,com.sec.android.app.shealth,9d1ec286-c3f3-4293-a502-6f663ac562e4,1721952000000,
62810050,,62810050,2024-10-26 08:34:46.514,2024-10-26 08:34:46.514,1,1,3sHRV5oxWU,com.sec.android.app.shealth,98743d59-a494-416b-84c0-b796b109e305,1719619200000,
62810050,,62810050,2024-10-26 08:34:46.451,2024-10-26 08:34:46.451,3,1,3sHRV5oxWU,com.sec.android.app.shealth,a1358b9c-d39b-45c7-b67f-cbfcc3c8da39,1713312000000,
62810050,,62810050,2024-10-26 08:34:46.551,2024-10-26 08:34:46.551,5,1,3sHRV5oxWU,com.sec.android.app.shealth,4fbb3fbf-99ab-4623-9895-92e9ed61e337,1727222400000,
62810050,,62810050,2024-10-26 08:34:46.465,2024-10-26 08:34:46.465,7,1,3sHRV5oxWU,com.sec.android.app.shealth,2c7e106d-0805-4231-9253-d176045c7f7e,1726531200000,
62810050,,62810050,2024-10-26 08:34:46.602,2024-10-26 08:34:46.602,1,1,3sHRV5oxWU,com.sec.android.app.shealth,8f7fdfa4-5bdb-419a-8bbf-46fca0306a30,1725494400000,
62810050,,62810050,2024-10-26 08:34:46.693,2024-10-26 08:34:46.693,3,1,3sHRV5oxWU,com.sec.android.app.shealth,7d797478-9b62-4e6d-8fd6-f8549f612558,1720828800000,
62810050,,62810050,2024-10-26 08:34:46.728,2024-10-26 08:34:46.728,1,1,3sHRV5oxWU,com.sec.android.app.shealth,c78d5e39-d4fb-4eea-a9f7-7915ffb88fa6,1723161600000,
62810050,,62810050,2024-10-26 08:34:46.537,2024-10-26 08:34:46.537,3,1,3sHRV5oxWU,com.sec.android.app.shealth,261d082c-89ab-4efa-8645-de7b29b9ff16,1719705600000,
62810050,,62810050,2024-10-26 08:34:46.646,2024-10-26 08:34:46.646,4,1,3sHRV5oxWU,com.sec.android.app.shealth,9f828101-17cc-4812-9a1d-1a1e0cb670ad,1716854400000,
62810050,,62810050,2024-10-26 08:34:46.592,2024-10-26 08:34:46.592,1,1,3sHRV5oxWU,com.sec.android.app.shealth,03385ebb-cbae-4365-8578-9eb706a60aa0,1723766400000,
62810050,,62810050,2024-10-26 08:34:46.524,2024-10-26 08:34:46.524,1,1,3sHRV5oxWU,com.sec.android.app.shealth,208526d4-24fd-494b-9df1-82d27b065ee0,1721433600000,
62810050,,62810050,2024-10-26 08:34:46.491,2024-10-26 08:34:46.491,5,1,3sHRV5oxWU,com.sec.android.app.shealth,1a7fa1c5-4f5c-4c98-aebb-56342d0f2fa9,1723075200000,
62810050,,62810050,2024-10-26 08:34:46.574,2024-10-26 08:34:46.574,6,1,3sHRV5oxWU,com.sec.android.app.shealth,9e1fa609-216c-415a-b675-5019a67ea4e3,1717372800000,
62810050,,62810050,2024-10-26 08:34:46.702,2024-10-26 08:34:46.702,6,1,3sHRV5oxWU,com.sec.android.app.shealth,4011cba0-ad69-4364-95fd-e6cae3934205,1724284800000,
62810050,,62810050,2024-10-26 08:34:46.625,2024-10-26 08:34:46.625,2,1,3sHRV5oxWU,com.sec.android.app.shealth,26dac5c0-d7de-43e6-ada2-f1999bd5a56e,1722038400000,
62810050,,62810050,2024-10-26 08:34:46.634,2024-10-26 08:34:46.634,3,1,3sHRV5oxWU,com.sec.android.app.shealth,e26abd5b-8d4a-4c64-af99-0457c2dafc1e,1715126400000,
62810050,,62810050,2024-10-26 08:34:46.660,2024-10-26 08:34:46.660,1,1,3sHRV5oxWU,com.sec.android.app.shealth,2c2a8499-0167-4a57-95bb-abdad40705f0,1726012800000,
62810050,,62810050,2024-10-26 08:34:46.562,2024-10-26 08:34:46.562,3,1,3sHRV5oxWU,com.sec.android.app.shealth,fff4d86b-248c-45b1-9484-f9f8673d3c5d,1715644800000,
62810050,,62810050,2024-10-26 08:34:46.750,2024-10-26 08:34:46.750,2,1,3sHRV5oxWU,com.sec.android.app.shealth,a8169e1e-ad65-4640-a3da-b4ec64a4eed8,1726617600000,
62810050,,62810050,2024-10-26 08:34:46.717,2024-10-26 08:34:46.717,2,1,3sHRV5oxWU,com.sec.android.app.shealth,02622369-aa7f-4dff-bf57-83bec4350a70,1714521600000,
62810050,,62810050,2024-10-26 08:34:46.679,2024-10-26 08:34:46.679,3,1,3sHRV5oxWU,com.sec.android.app.shealth,59111e73-253f-4725-9466-11f4467523f3,1727740800000,
62810050,,62810050,2024-10-29 14:45:49.830,2024-10-26 08:34:44.823,16,1,3sHRV5oxWU,com.sec.android.app.shealth,5daa4176-b7d4-4142-a35a-6376e104da0a,1728432000000,
62810050,,62810050,2024-10-29 14:45:49.848,2024-10-26 08:34:45.360,2,1,3sHRV5oxWU,com.sec.android.app.shealth,7035bec5-76a8-442f-a2f9-539769cef11e,1728000000000,
62810050,,62810050,2024-10-29 14:45:50.044,2024-10-26 08:34:45.134,1,1,3sHRV5oxWU,com.sec.android.app.shealth,50c939a7-3db0-47ac-a165-41d5968d09a5,1728518400000,
62810050,,62810050,2024-10-29 14:45:50.119,2024-10-26 08:34:46.740,3,1,3sHRV5oxWU,com.sec.android.app.shealth,de894e7f-dc70-4264-af8c-75a5aa85257e,1728345600000,
62810050,,62810050,2024-10-29 14:45:49.985,2024-10-26 08:34:44.959,3,1,3sHRV5oxWU,com.sec.android.app.shealth,0bd5f4f8-225c-4a83-95c1-1a63728e7961,1727827200000,
62810050,,62810050,2024-10-29 14:45:50.134,2024-10-26 08:34:45.339,2,1,3sHRV5oxWU,com.sec.android.app.shealth,6ca2c868-173d-4599-8063-a73b321a01f8,1727913600000,
62810050,,62810050,2024-10-29 14:45:50.103,2024-10-26 08:34:46.236,1,1,3sHRV5oxWU,com.sec.android.app.shealth,113025bc-8e13-4848-bc32-c42a4942db59,1728172800000,
62810050,,62810050,2024-11-08 01:02:25.424,2024-10-26 08:34:46.614,19,1,3sHRV5oxWU,com.sec.android.app.shealth,40d36ce9-b14b-45b6-809d-0be5bddc20aa,1728950400000,
62810050,,62810050,2024-11-12 18:56:13.853,2024-10-26 08:34:45.893,35,1,3sHRV5oxWU,com.sec.android.app.shealth,251a7a5e-695a-4a92-8b95-405aae45ed57,1729296000000,
62810050,,62810050,2024-11-12 18:56:13.911,2024-10-26 08:34:44.932,2,1,3sHRV5oxWU,com.sec.android.app.shealth,d0842630-65be-4cec-b903-ba5b0855adb7,1729036800000,
62810050,,62810050,2024-11-12 18:56:13.962,2024-10-26 08:34:45.462,8,1,3sHRV5oxWU,com.sec.android.app.shealth,0d8901a6-ee9a-4245-9585-d2539e2b7e41,1729123200000,
62810050,,62810050,2024-11-12 18:56:14.237,2024-10-26 08:34:45.782,2,1,3sHRV5oxWU,com.sec.android.app.shealth,1fcf4730-0466-4957-89a7-c26285737354,1729209600000,
62810050,,62810050,2024-11-21 19:51:12.688,2024-10-26 08:34:45.609,3,1,3sHRV5oxWU,com.sec.android.app.shealth,38d496c4-63cf-4a35-becf-b76f3441d7fd,1729814400000,
62810050,,62810050,2024-11-17 01:24:19.007,2024-10-26 08:34:45.352,1,1,3sHRV5oxWU,com.sec.android.app.shealth,d265e296-30c0-4b27-a322-a87a88eb4084,1729728000000,
62810050,,62810050,2024-11-17 01:24:19.070,2024-10-26 08:34:46.424,1,1,3sHRV5oxWU,com.sec.android.app.shealth,7ed77f1f-c4eb-44fa-bed4-18374349c605,1729468800000,
62810050,,62810050,2024-11-17 01:24:19.096,2024-10-26 08:34:44.990,3,1,3sHRV5oxWU,com.sec.android.app.shealth,847cdacb-e9ff-49de-bb97-c4a1a8a656ba,1729555200000,
62810050,,62810050,2024-11-17 01:24:19.221,2024-10-26 08:34:45.318,1,1,3sHRV5oxWU,com.sec.android.app.shealth,eeaf3084-299b-43f0-b603-a8e9211deeb0,1729641600000,
62810050,97fcca51-abde-4c3b-9246-b32b9a3bf05d.binning_data.json,62820030,2024-11-25 06:02:47.346,2024-10-29 14:45:49.709,5,2,3sHRV5oxWU,com.sec.android.app.shealth,97fcca51-abde-4c3b-9246-b32b9a3bf05d,1730160000000,
62810050,7a3e291e-e736-4e79-9796-8df94c284abc.binning_data.json,62820030,2024-11-25 06:02:47.454,2024-10-31 16:45:13.872,4,2,3sHRV5oxWU,com.sec.android.app.shealth,7a3e291e-e736-4e79-9796-8df94c284abc,1730332800000,
62810050,fc4e3e0f-2b4f-46b6-9a88-b7fa1c4c12b2.binning_data.json,62820030,2024-11-25 06:02:47.565,2024-10-30 21:55:31.177,17,2,3sHRV5oxWU,com.sec.android.app.shealth,fc4e3e0f-2b4f-46b6-9a88-b7fa1c4c12b2,1730246400000,
62810050,3f21ef9a-4336-469b-b837-98acd57781fb.binning_data.json,62850050,2024-12-09 17:18:11.661,2024-11-12 18:56:14.177,5,2,3sHRV5oxWU,com.sec.android.app.shealth,3f21ef9a-4336-469b-b837-98acd57781fb,1731369600000,
62810050,3df30475-e96a-40d6-9fe2-e8f257d11b15.binning_data.json,62850050,2024-12-14 20:55:00.296,2024-11-21 01:36:02.237,3,2,3sHRV5oxWU,com.sec.android.app.shealth,3df30475-e96a-40d6-9fe2-e8f257d11b15,1732060800000,
62810050,24920661-dfe7-43fc-adc0-17b91c802d85.binning_data.json,62850050,2024-12-14 20:55:00.520,2024-11-18 01:43:42.888,1,2,3sHRV5oxWU,com.sec.android.app.shealth,24920661-dfe7-43fc-adc0-17b91c802d85,1731801600000,
62810050,b5fb16f5-3a9f-4e19-a18e-e917fda75003.binning_data.json,62850050,2024-12-14 20:55:00.405,2024-11-21 19:51:12.608,8,2,3sHRV5oxWU,com.sec.android.app.shealth,b5fb16f5-3a9f-4e19-a18e-e917fda75003,1732147200000,
62820030,8195fcac-da8e-4223-a261-f078707e04bd.binning_data.json,62850050,2024-12-21 04:26:21.685,2024-11-25 06:02:47.531,2,2,3sHRV5oxWU,com.sec.android.app.shealth,8195fcac-da8e-4223-a261-f078707e04bd,1732406400000,
62810050,d1c80936-f93d-4672-9044-ba7fde010c0e.binning_data.json,62850050,2024-12-21 04:26:20.946,2024-11-23 19:27:06.017,14,2,3sHRV5oxWU,com.sec.android.app.shealth,d1c80936-f93d-4672-9044-ba7fde010c0e,1732320000000,
62820030,cd907488-ae72-4eda-9f85-ca7a3ef2df96.binning_data.json,62850050,2024-12-21 04:26:21.059,2024-11-26 05:16:22.351,1,2,3sHRV5oxWU,com.sec.android.app.shealth,cd907488-ae72-4eda-9f85-ca7a3ef2df96,1732492800000,
62820030,5e45d4ec-3f49-494e-908e-052f78109d13.binning_data.json,62850050,2024-12-21 04:26:21.847,2024-12-07 17:13:52.303,7,2,3sHRV5oxWU,com.sec.android.app.shealth,5e45d4ec-3f49-494e-908e-052f78109d13,1733529600000,
62820030,92a1b9e1-e730-4a8e-bc83-fa2b61829aaf.binning_data.json,62850050,2024-12-21 04:26:21.512,2024-11-26 22:56:27.296,2,2,3sHRV5oxWU,com.sec.android.app.shealth,92a1b9e1-e730-4a8e-bc83-fa2b61829aaf,1732579200000,
62820030,1cc5854a-c825-4b68-b646-797cbf522950.binning_data.json,62850050,2024-12-21 04:26:21.661,2024-11-30 00:18:28.198,1,2,3sHRV5oxWU,com.sec.android.app.shealth,1cc5854a-c825-4b68-b646-797cbf522950,1732838400000,
62820030,6bf19e38-3366-47a8-9b29-6f46354d57ea.binning_data.json,62850050,2024-12-21 04:26:21.910,2024-11-28 22:15:38.068,11,2,3sHRV5oxWU,com.sec.android.app.shealth,6bf19e38-3366-47a8-9b29-6f46354d57ea,1732752000000,
62820030,ec94f0d6-0a60-4ee9-bec5-7b9b0283d93f.binning_data.json,62850050,2024-12-21 04:26:21.891,2024-11-28 05:46:00.736,4,2,3sHRV5oxWU,com.sec.android.app.shealth,ec94f0d6-0a60-4ee9-bec5-7b9b0283d93f,1732665600000,
62850050,1a158ffe-6f2b-49cc-971b-0d08268ce82d.binning_data.json,62850050,2025-01-09 15:17:11.849,2024-12-13 20:15:23.843,2,2,3sHRV5oxWU,com.sec.android.app.shealth,1a158ffe-6f2b-49cc-971b-0d08268ce82d,1734048000000,
62850050,cfe33beb-697c-46eb-a0b7-026da5c5932a.binning_data.json,62850050,2025-01-05 20:57:00.951,2024-12-10 15:20:03.382,7,2,3sHRV5oxWU,com.sec.android.app.shealth,cfe33beb-697c-46eb-a0b7-026da5c5932a,1733788800000,
62850050,143f95e4-a1c4-4720-a41d-304eb5043b30.binning_data.json,62850050,2025-01-05 20:57:01.004,2024-12-11 16:06:57.471,6,2,3sHRV5oxWU,com.sec.android.app.shealth,143f95e4-a1c4-4720-a41d-304eb5043b30,1733875200000,
62850050,8ed164ab-6d1b-4009-accc-d881ff1f25ef.binning_data.json,62850050,2025-01-05 20:57:01.087,2024-12-09 17:18:11.498,3,2,3sHRV5oxWU,com.sec.android.app.shealth,8ed164ab-6d1b-4009-accc-d881ff1f25ef,1733702400000,
62850050,7e9beac8-3f3d-4f70-a769-258a32d73fa9.binning_data.json,62850050,2025-01-05 20:57:01.172,2024-12-12 15:22:40.375,5,2,3sHRV5oxWU,com.sec.android.app.shealth,7e9beac8-3f3d-4f70-a769-258a32d73fa9,1733961600000,
62850050,b4ea27d5-cc30-425b-9130-02f0cd37124b.binning_data.json,62850050,2025-01-09 15:17:12.004,2024-12-16 17:52:14.158,4,2,3sHRV5oxWU,com.sec.android.app.shealth,b4ea27d5-cc30-425b-9130-02f0cd37124b,1734307200000,
62850050,4bf97dcd-216c-4036-8a23-5c3c13465414.binning_data.json,62850050,2025-01-09 15:17:11.951,2024-12-15 23:01:13.610,6,2,3sHRV5oxWU,com.sec.android.app.shealth,4bf97dcd-216c-4036-8a23-5c3c13465414,1734220800000,
62850050,cc4adaff-8e76-4504-9b81-fd78f5e474c3.binning_data.json,62850050,2025-01-09 15:17:12.086,2024-12-14 20:55:00.429,7,2,3sHRV5oxWU,com.sec.android.app.shealth,cc4adaff-8e76-4504-9b81-fd78f5e474c3,1734134400000,
62850050,e4bafc33-7176-4f20-9642-3bfbbc40282f.binning_data.json,62850050,2025-01-13 10:02:07.586,2024-12-17 19:57:05.974,2,2,3sHRV5oxWU,com.sec.android.app.shealth,e4bafc33-7176-4f20-9642-3bfbbc40282f,1734393600000,
62850050,408b17de-6909-4791-be29-f998a7760ac3.binning_data.json,62900750,2025-01-14 19:51:19.290,2024-12-18 18:38:59.535,4,2,3sHRV5oxWU,com.sec.android.app.shealth,408b17de-6909-4791-be29-f998a7760ac3,1734480000000,
62850050,e36a8bcd-d26f-40ec-80f8-659d029c3f43.binning_data.json,62900750,2025-01-14 19:51:19.330,2024-12-23 17:04:15.372,20,2,3sHRV5oxWU,com.sec.android.app.shealth,e36a8bcd-d26f-40ec-80f8-659d029c3f43,1734912000000,
62850050,2ef97e6e-e0d8-47aa-945a-6cf92218e719.binning_data.json,62900750,2025-01-14 19:51:19.457,2024-12-21 04:26:21.087,4,2,3sHRV5oxWU,com.sec.android.app.shealth,2ef97e6e-e0d8-47aa-945a-6cf92218e719,1734652800000,
62850050,15007c64-b9b6-42fb-9ce2-c7eb880e0182.binning_data.json,62900750,2025-01-14 19:51:19.809,2024-12-23 06:15:13.329,2,2,3sHRV5oxWU,com.sec.android.app.shealth,15007c64-b9b6-42fb-9ce2-c7eb880e0182,1734825600000,
62850050,156928f5-8b8c-494d-ba67-19626d9b9953.binning_data.json,62900750,2025-01-14 19:51:19.567,2024-12-21 22:54:29.105,16,2,3sHRV5oxWU,com.sec.android.app.shealth,156928f5-8b8c-494d-ba67-19626d9b9953,1734739200000,
62850050,fd2a0577-7da2-4fc7-9499-fb5d47b1a757.binning_data.json,62900750,2025-01-14 19:51:19.780,2024-12-19 15:35:36.340,12,2,3sHRV5oxWU,com.sec.android.app.shealth,fd2a0577-7da2-4fc7-9499-fb5d47b1a757,1734566400000,
62850050,a1989f2e-4f17-48a5-bc4f-8a5e36d1743f.binning_data.json,62900750,2025-01-21 04:35:55.420,2024-12-24 16:21:55.057,16,2,3sHRV5oxWU,com.sec.android.app.shealth,a1989f2e-4f17-48a5-bc4f-8a5e36d1743f,1734998400000,
62850050,2ea1d4bc-0faa-4ab7-8ef1-9a34f982f739.binning_data.json,62900750,2025-01-25 06:20:38.730,2024-12-28 23:51:01.366,2,2,3sHRV5oxWU,com.sec.android.app.shealth,2ea1d4bc-0faa-4ab7-8ef1-9a34f982f739,1735344000000,
62850050,9c059e82-2ee1-4718-84ba-98e4fc0b0b97.binning_data.json,62900750,2025-01-25 06:20:39.784,2025-01-01 02:10:09.439,6,2,3sHRV5oxWU,com.sec.android.app.shealth,9c059e82-2ee1-4718-84ba-98e4fc0b0b97,1735603200000,
62850050,bc78c667-bacb-41f2-aca1-f5530902de67.binning_data.json,62900750,2025-01-28 20:02:33.583,2025-01-05 20:57:01.021,2,2,3sHRV5oxWU,com.sec.android.app.shealth,bc78c667-bacb-41f2-aca1-f5530902de67,1736035200000,
62850050,77fb2019-9eb1-4c75-8631-87a9ebe7c9f6.binning_data.json,62900750,2025-01-28 20:02:33.917,2025-01-01 09:58:21.003,6,2,3sHRV5oxWU,com.sec.android.app.shealth,77fb2019-9eb1-4c75-8631-87a9ebe7c9f6,1735689600000,
62850050,fd9b34c7-c1c0-4ca5-9edf-81d1be1565e5.binning_data.json,62900750,2025-02-04 17:38:09.375,2025-01-09 15:17:11.913,13,2,3sHRV5oxWU,com.sec.android.app.shealth,fd9b34c7-c1c0-4ca5-9edf-81d1be1565e5,1736380800000,
62850050,3ed12009-054c-4530-9f6d-67a02b3634bb.binning_data.json,62900750,2025-02-07 06:15:03.663,2025-01-10 21:19:20.086,5,2,3sHRV5oxWU,com.sec.android.app.shealth,3ed12009-054c-4530-9f6d-67a02b3634bb,1736467200000,
62850050,00042adf-d98f-4717-a5d9-17f095682624.binning_data.json,62900750,2025-02-07 06:15:03.806,2025-01-13 10:02:07.461,1,2,3sHRV5oxWU,com.sec.android.app.shealth,00042adf-d98f-4717-a5d9-17f095682624,1736640000000,
62900750,d1474e81-c6ee-4c16-a1ea-fa485abf3349.binning_data.json,62900750,2025-02-11 00:42:16.026,2025-01-15 20:00:22.014,8,2,3sHRV5oxWU,com.sec.android.app.shealth,d1474e81-c6ee-4c16-a1ea-fa485abf3349,1736899200000,
62900750,19f78c15-67ee-4bdc-9eb6-ee69feed2499.binning_data.json,62900750,2025-02-11 00:42:15.844,2025-01-14 19:51:19.368,5,2,3sHRV5oxWU,com.sec.android.app.shealth,19f78c15-67ee-4bdc-9eb6-ee69feed2499,1736812800000,
62900750,f7abe7a3-4352-446a-b269-960434759cd3.binning_data.json,62900750,2025-02-11 00:42:15.886,2025-01-24 22:19:02.609,9,2,3sHRV5oxWU,com.sec.android.app.shealth,f7abe7a3-4352-446a-b269-960434759cd3,1737676800000,
62900750,ba333363-b2fb-444e-bec1-554bead0e764.binning_data.json,62900750,2025-02-11 00:42:16.257,2025-01-24 00:45:22.645,2,2,3sHRV5oxWU,com.sec.android.app.shealth,ba333363-b2fb-444e-bec1-554bead0e764,1737590400000,
62900750,db18c7d2-10d2-4c6e-8d83-f6b33a3a6907.binning_data.json,62900750,2025-02-11 00:42:16.120,2025-01-27 20:10:30.067,1,2,3sHRV5oxWU,com.sec.android.app.shealth,db18c7d2-10d2-4c6e-8d83-f6b33a3a6907,1737936000000,
62900750,fc58c90b-0f28-4dd7-ab0a-e61451c0aeba.binning_data.json,62900750,2025-02-11 00:42:16.152,2025-01-23 00:56:53.465,1,2,3sHRV5oxWU,com.sec.android.app.shealth,fc58c90b-0f28-4dd7-ab0a-e61451c0aeba,1737504000000,
62900750,90d4ab26-debe-4142-932e-adaa41e5da35.binning_data.json,62900750,2025-02-11 00:42:15.975,2025-01-25 16:55:29.857,26,2,3sHRV5oxWU,com.sec.android.app.shealth,90d4ab26-debe-4142-932e-adaa41e5da35,1737763200000,
62900750,6d29ff74-e8bb-433e-991e-ae29645b84cc.binning_data.json,62900750,2025-02-11 00:42:16.344,2025-01-21 20:27:41.308,4,2,3sHRV5oxWU,com.sec.android.app.shealth,6d29ff74-e8bb-433e-991e-ae29645b84cc,1737417600000,
62900750,34f8af3f-16cd-4d42-86fc-3c723f6ee9fb.binning_data.json,62900750,2025-02-11 00:42:16.009,2025-01-20 21:32:00.900,6,2,3sHRV5oxWU,com.sec.android.app.shealth,34f8af3f-16cd-4d42-86fc-3c723f6ee9fb,1737331200000,
62900750,00938f5f-83d0-4b46-9908-bc142446e23d.binning_data.json,62900750,2025-02-11 00:42:16.174,2025-01-17 21:35:38.196,4,2,3sHRV5oxWU,com.sec.android.app.shealth,00938f5f-83d0-4b46-9908-bc142446e23d,1737072000000,
62900750,7cceae08-aa3c-48fb-84d3-56bb5e5a15c4.binning_data.json,62900750,2025-02-11 00:42:16.235,2025-01-28 20:02:33.737,1,2,3sHRV5oxWU,com.sec.android.app.shealth,7cceae08-aa3c-48fb-84d3-56bb5e5a15c4,1738022400000,
62900750,b8c6d95e-76c6-46c1-9195-4d5ebbdbd1b3.binning_data.json,62900750,2025-02-11 00:42:16.325,2025-01-26 23:18:00.340,1,2,3sHRV5oxWU,com.sec.android.app.shealth,b8c6d95e-76c6-46c1-9195-4d5ebbdbd1b3,1737849600000,
62900750,51379ca1-95f9-4df1-b60c-9d85c1dc55f8.binning_data.json,62900750,2025-02-11 00:42:16.391,2025-01-17 10:09:52.047,3,2,3sHRV5oxWU,com.sec.android.app.shealth,51379ca1-95f9-4df1-b60c-9d85c1dc55f8,1736985600000,
62900750,5cb4949c-3784-4d3b-b324-7a97fa290b28.binning_data.json,62930070,2025-02-26 20:22:48.130,2025-02-07 18:17:46.605,3,2,u104vMWe/c,com.sec.android.app.shealth,5cb4949c-3784-4d3b-b324-7a97fa290b28,1738886400000,
62900750,986b8e04-4380-41e3-9520-7f53b279e129.binning_data.json,62930070,2025-02-26 20:22:48.173,2025-02-11 01:32:00.175,2,2,u104vMWe/c,com.sec.android.app.shealth,986b8e04-4380-41e3-9520-7f53b279e129,1739145600000,
62930070,ccccb65e-5395-4e1a-ab8c-8048935bbfa4.binning_data.json,62930070,2025-02-26 20:22:48.199,2025-02-26 20:22:48.199,3,2,u104vMWe/c,com.sec.android.app.shealth,ccccb65e-5395-4e1a-ab8c-8048935bbfa4,1739491200000,
62900750,702ef96e-1305-4926-aafc-40dccc99e409.binning_data.json,62930070,2025-02-26 20:22:48.253,2025-01-30 15:57:15.889,1,2,u104vMWe/c,com.sec.android.app.shealth,702ef96e-1305-4926-aafc-40dccc99e409,1738195200000,
62900750,5edb7834-8bcb-46f3-97ac-05cc7ab127d0.binning_data.json,62930070,2025-02-26 20:22:48.304,2025-02-05 02:37:27.960,1,2,u104vMWe/c,com.sec.android.app.shealth,5edb7834-8bcb-46f3-97ac-05cc7ab127d0,1738627200000,
62900750,ce62e78d-6c3a-4eb1-80b2-75e43f5f6737.binning_data.json,62930070,2025-02-26 20:22:48.421,2025-01-31 16:06:54.454,2,2,u104vMWe/c,com.sec.android.app.shealth,ce62e78d-6c3a-4eb1-80b2-75e43f5f6737,1738281600000,
62900750,b50b654f-69c6-4544-88e4-34ada05c15ba.binning_data.json,62930070,2025-02-26 20:22:48.326,2025-02-04 17:38:09.658,4,2,u104vMWe/c,com.sec.android.app.shealth,b50b654f-69c6-4544-88e4-34ada05c15ba,1738368000000,
62900750,0e128889-885c-4c6f-b8ae-8d3389f007e9.binning_data.json,62930070,2025-02-26 20:22:48.365,2025-02-06 20:08:09.958,10,2,u104vMWe/c,com.sec.android.app.shealth,0e128889-885c-4c6f-b8ae-8d3389f007e9,1738800000000,
62900750,cf871275-05aa-4fa4-9630-ef874128c0c8.binning_data.json,62930070,2025-02-26 20:22:48.393,2025-02-11 19:17:00.206,6,2,u104vMWe/c,com.sec.android.app.shealth,cf871275-05aa-4fa4-9630-ef874128c0c8,1739232000000,
62900750,13c878a8-9571-4c51-ac99-a96bb59b0780.binning_data.json,62930070,2025-02-26 20:22:48.508,2025-02-13 16:05:07.946,5,2,u104vMWe/c,com.sec.android.app.shealth,13c878a8-9571-4c51-ac99-a96bb59b0780,1739404800000,
62900750,dea84a19-f636-4bd4-8e90-3b2ebc246849.binning_data.json,62930070,2025-02-26 20:22:48.467,2025-02-05 23:23:37.665,1,2,u104vMWe/c,com.sec.android.app.shealth,dea84a19-f636-4bd4-8e90-3b2ebc246849,1738713600000,
63030110,ff7b7cfe-34d8-41e5-adb2-08d25a9b50df.binning_data.json,63030110,2025-09-21 16:55:58.275,2025-08-29 16:50:50.951,1,2,u104vMWe/c,com.sec.android.app.shealth,ff7b7cfe-34d8-41e5-adb2-08d25a9b50df,1756166400000,
63030110,ffa47dd0-bf1c-4606-952d-dc47c5684522.binning_data.json,63030110,2025-09-21 16:55:58.303,2025-08-29 16:50:50.802,1,2,u104vMWe/c,com.sec.android.app.shealth,ffa47dd0-bf1c-4606-952d-dc47c5684522,1756080000000,
63030110,22fc4e0d-7a41-4eed-824d-a5fe6d8a27f2.binning_data.json,63030110,2025-10-01 18:07:07.109,2025-10-01 13:55:42.197,1,2,u104vMWe/c,com.sec.android.app.shealth,22fc4e0d-7a41-4eed-824d-a5fe6d8a27f2,1758931200000,
